{"fov":{"0":24.0},"intrinsic_mat":{"0":[[1437.4635009766,0.0,640.0],[0.0,1437.4635009766,360.0],[0.0,0.0,1.0]]}}